{
  "AlexNet": 0.16935036091060524,
  "VGG16": 0.1631351757983916,
  "ResNet50": 0.16927871612545003,
  "ResNet152": 0.17234153069083485,
  "MobileNet": 0.15613189804947072,
  "EfficientNetV2": 0.1697623184252476
}